frame,keyword,character
1,one,一
2,two,二
3,three,三
4,four,四
5,five,五
6,six,六
7,seven,七
8,eight,八
9,nine,九
10,ten,十
11,mouth,口
12,day,日
13,month,月
14,rice field,田
15,eye,目
16,old,古
17,I,吾
18,risk,冒
19,companion,朋
20,bright,明
21,chant,唱
22,sparkle,晶
23,goods,品
24,spine,呂
25,prosperous,昌
26,early,早
27,rising sun,旭
28,generation,世
29,stomach,胃
30,nightbreak,旦
31,gall bladder,胆
32,span,亘
33,concave,凹
34,convex,凸
35,olden times,旧
36,oneself,自
37,white,白
38,hundred,百
39,in,中
40,thousand,千
41,tongue,舌
42,measuring box,升
43,rise up,昇
44,round,丸
45,measurement,寸
46,elbow,肘
47,specialty,専
48,Dr.,博
49,fortune-telling,占
50,above,上
51,below,下
52,eminent,卓
53,morning,朝
54,derision,嘲
55,only,只
56,shellfish,貝
57,pop song,唄
58,upright,貞
59,employee,員
60,post a bill,貼
61,see,見
62,newborn babe,児
63,beginning,元
64,page,頁
65,stubborn,頑
66,mediocre,凡
67,defeat,負
68,ten thousand,万
69,phrase,句
70,texture,肌
71,decameron,旬
72,ladle,勺
73,bull´s eye,的
74,neck,首
75,fish guts,乙
76,riot,乱
77,straightaway,直
78,tool,具
79,true,真
80,craft,工
81,left,左
82,right,右
83,possess,有
84,bribe,賄
85,tribute,貢
86,paragraph,項
87,sword,刀
88,blade,刃
89,cut,切
90,seduce,召
91,shining,昭
92,rule,則
93,vice-,副
94,separate,別
95,street,丁
96,town,町
97,can,可
98,place on the head,頂
99,child,子
100,cavity,孔
101,complete,了
102,woman,女
103,fond,好
104,likeness,如
105,mama,母
106,pierce,貫
107,elder brother,兄
108,curse,呪
109,overcome,克
110,little,小
111,few,少
112,large,大
113,many,多
114,evening,夕
115,eventide,汐
116,outside,外
117,name,名
118,stone,石
119,resemblance,肖
120,nitrate,硝
121,smash,砕
122,sand,砂
123,jealous,妬
124,plane,削
125,ray,光
126,plump,太
127,utensil,器
128,stinking,臭
129,sniff,嗅
130,exquisite,妙
131,focus,省
132,thick,厚
133,strange,奇
134,stream,川
135,state,州
136,obey,順
137,water,水
138,icicle,氷
139,eternity,永
140,spring,泉
141,gland,腺
142,meadow,原
143,petition,願
144,swim,泳
145,marsh,沼
146,open sea,沖
147,pan-,汎
148,creek,江
149,cleanse,汰
150,soup,汁
151,grains of sand,沙
152,tide,潮
153,source,源
154,lively,活
155,extinguish,消
156,but of course,況
157,river,河
158,overnight,泊
159,lake,湖
160,fathom,測
161,soil,土
162,spit,吐
163,pressure,圧
164,cape,埼
165,hedge,垣
166,inlay,填
166,inlay,塡
167,squared jewel,圭
168,seal,封
169,horizon,涯
170,Buddhist temple,寺
171,time,時
172,level,均
173,fire,火
174,inflammation,炎
175,anxiety,煩
176,thin,淡
177,lamp,灯
178,farm,畑
179,disaster,災
180,ashes,灰
181,spot,点
182,illuminate,照
183,fish,魚
184,fishing,漁
185,ri,里
186,black,黒
187,black ink,墨
188,carp,鯉
189,quantity,量
190,rin,厘
191,bury,埋
192,same,同
193,den,洞
194,trunk,胴
195,yonder,向
196,esteem,尚
197,character,字
198,guard,守
199,perfect,完
200,proclaim,宣
201,wee hours,宵
202,relax,安
203,banquet,宴
204,draw near,寄
205,wealth,富
206,savings,貯
207,tree,木
208,grove,林
209,forest,森
210,Japanese Judas-tree,桂
211,oak,柏
212,frame,枠
213,treetops,梢
214,shelf,棚
215,apricot,杏
216,paulownia,桐
217,plant,植
218,chair,椅
219,wither,枯
220,crude,朴
221,village,村
222,inter-,相
223,desk,机
224,book,本
225,tag,札
226,calendar,暦
227,plan,案
228,parch,燥
229,not yet,未
230,extremity,末
231,obscure,昧
232,splash,沫
233,flavor,味
234,younger sister,妹
235,vermilion,朱
236,stocks,株
237,young,若
238,grass,草
239,suffering,苦
240,bullying,苛
241,tolerant,寛
242,dilute,薄
243,leaf,葉
244,imitation,模
245,vague,漠
246,grave,墓
247,livelihood,暮
248,membrane,膜
249,seedling,苗
250,portent,兆
251,peach tree,桃
252,stare,眺
253,dog,犬
254,status quo,状
255,silence,黙
256,sort of thing,然
257,reed,荻
258,hunt,狩
259,cat,猫
260,cow,牛
261,special,特
262,revelation,告
263,before,先
264,wash,洗
265,jammed in,介
266,world,界
267,tea,茶
268,spinal column,脊
269,fit,合
270,pagoda,塔
271,king,王
272,jewel,玉
273,treasure,宝
274,pearl,珠
275,present,現
276,toy,玩
277,lunatic,狂
278,effulgent,旺
279,emperor,皇
280,display,呈
281,whole,全
282,plug,栓
283,logic,理
284,lord,主
285,pour,注
286,pillar,柱
287,gold,金
288,pig iron,銑
289,bowl,鉢
290,copper,銅
291,angling,釣
292,needle,針
293,inscription,銘
294,tranquillize,鎮
295,road-way,道
296,guidance,導
297,crossing,辻
298,swift,迅
299,create,造
300,urge,迫
301,escape,逃
302,environs,辺
303,patrol,巡
304,car,車
305,take along,連
306,rut,軌
307,transport,輸
308,metaphor,喻
308,metaphor,喩
309,in front,前
310,roast,煎
311,each,各
312,status,格
313,graft,賂
314,abbreviation,略
315,guest,客
316,forehead,額
317,summer,夏
318,dispose,処
319,twig,条
320,fall,落
321,superfluous,冗
322,Hades,冥
323,army,軍
324,radiance,輝
325,carry,運
326,crown,冠
327,dream,夢
328,pit,坑
329,tall,高
330,receive,享
331,cram school,塾
332,mellow,熟
333,pavilion,亭
334,capital,京
335,refreshing,涼
336,scenery,景
337,whale,鯨
338,cottage,舎
339,circumference,周
340,week,週
341,gentleman,士
342,good luck,吉
343,robust,壮
344,villa,荘
345,sell,売
346,study,学
347,memorize,覚
348,flourish,栄
349,write,書
350,haven,津
351,breed,牧
352,aggression,攻
353,failure,敗
354,a sheet of,枚
355,happenstance,故
356,awe,敬
357,say,言
358,admonish,警
359,plot,計
360,elucidate,詮
361,prison,獄
362,revise,訂
363,obituary,訃
364,chastise,討
365,instruction,訓
366,imperial edict,詔
367,packed,詰
368,tale,話
369,recitation,詠
370,poem,詩
371,word,語
372,read,読
373,tune,調
374,discuss,談
375,consent,諾
376,rebuke,諭
377,style,式
378,test,試
379,II (two),弐
380,range,域
381,burglar,賊
382,plantation,栽
383,load,載
384,overgrown,茂
385,relatives,戚
386,turn into,成
387,castle,城
388,sincerity,誠
389,intimidate,威
390,destroy,滅
391,dwindle,減
392,revile,蔑
393,scaffold,桟
394,coin,銭
395,shallow,浅
396,stop,止
397,walk,歩
398,ford,渉
399,repeatedly,頻
400,agreement,肯
401,undertake,企
402,curriculum,歴
403,warrior,武
404,levy,賦
405,correct,正
406,evidence,証
407,politics,政
408,determine,定
409,lock,錠
410,run,走
411,transcend,超
412,proceed,赴
413,surpass,越
414,just so,是
415,topic,題
416,dike,堤
417,build,建
418,key,鍵
419,prolong,延
420,nativity,誕
421,cornerstone,礎
422,bridegroom,婿
423,garment,衣
424,tailor,裁
425,attire,装
426,back,裏
427,demolition,壊
428,pathetic,哀
429,distant,遠
430,monkey,猿
431,first time,初
432,towel,巾
433,linen,布
434,sail,帆
435,hanging scroll,幅
436,cap,帽
437,curtain,幕
438,canopy,幌
439,brocade,錦
440,market,市
441,persimmon,柿
442,elder sister,姉
443,lungs,肺
444,sash,帯
445,stagnate,滞
446,thorn,刺
447,system,制
448,made in...,製
449,revolve,転
450,technique,芸
451,rain,雨
452,cloud,雲
453,cloudy weather,曇
454,thunder,雷
455,frost,霜
456,winter,冬
457,heavens,天
458,bewitched,妖
459,irrigate,沃
460,bridge,橋
461,attractive,嬌
462,stand up,立
463,cry,泣
464,badge,章
465,vie,競
466,sovereign,帝
467,renunciation,諦
468,juvenile,童
469,pupil,瞳
470,bell,鐘
471,make a deal,商
472,legitimate wife,嫡
473,suitable,適
474,drip,滴
475,enemy,敵
476,spoon,匕
477,scold,叱
478,aroma,匂
479,about that time,頃
480,north,北
481,stature,背
482,compare,比
483,descendants,昆
484,all,皆
485,block letters,楷
486,orderliness,諧
487,mix,混
488,thirst,渇
489,audience,謁
490,brown,褐
491,hoarse,喝
492,kudzu,葛
493,delicious,旨
494,fat,脂
495,visit a shrine,詣
496,I (one),壱
497,every,毎
499,plum,梅
500,sea,海
501,beg,乞
502,drought,乾
503,abdomen,腹
504,duplicate,複
505,lack,欠
506,blow,吹
507,cook,炊
508,song,歌
509,soft,軟
510,next,次
511,briar,茨
512,assets,資
513,figure,姿
514,consult with,諮
515,compensation,賠
516,cultivate,培
517,divide,剖
518,sound,音
519,darkness,暗
520,rhyme,韻
521,discriminating,識
522,mirror,鏡
523,boundary,境
524,deceased,亡
525,blind,盲
526,delusion,妄
527,laid waste,荒
528,ambition,望
529,direction,方
530,disturb,妨
531,boy,坊
532,perfumed,芳
533,obese,肪
534,call on,訪
535,set free,放
536,violent,激
537,undress,脱
538,explanation,説
539,pointed,鋭
540,formerly,曽
541,increase,増
542,presents,贈
543,east,東
544,ridgepole,棟
545,frozen,凍
546,pregnancy,妊
547,courts,廷
548,dye,染
549,burn,燃
550,V.I.P.,賓
551,year-end,歳
552,prefecture,県
553,horse chestnut,栃
554,ground,地
555,pond,池
556,insect,虫
557,lightning bug,蛍
558,snake,蛇
559,rainbow,虹
560,butterfly,蝶
561,single,独
562,silkworm,蚕
563,wind,風
564,self,己
565,rouse,起
566,queen,妃
567,reformation,改
568,scribe,記
569,wrap,包
570,placenta,胞
571,cannon,砲
572,bubble,泡
573,tortoise,亀
574,electricity,電
575,dragon,竜
576,waterfall,滝
577,pork,豚
578,pursue,逐
579,consummate,遂
580,house,家
581,marry into,嫁
582,overpowering,豪
583,intestines,腸
584,location,場
585,hot water,湯
586,sheep,羊
587,beauty,美
588,ocean,洋
589,detailed,詳
590,fresh,鮮
591,accomplished,達
592,envious,羨
593,distinction,差
594,don,着
595,solely,唯
596,piled high,堆
597,sweet oak,椎
598,who,誰
599,char,焦
600,reef,礁
601,gather,集
602,quasi-,准
603,advance,進
604,miscellaneous,雑
605,female,雌
606,semi-,準
607,stirred up,奮
608,rob,奪
609,assurance,確
610,noon,午
611,permit,許
612,delight,歓
613,authority,権
614,outlook,観
615,feathers,羽
616,learn,習
617,the following,翌
618,weekday,曜
619,laundry,濯
620,sayeth,曰
621,quandary,困
622,harden,固
623,weld,錮
624,country,国
625,group,団
626,cause,因
627,matrimony,姻
628,windpipe,咽
629,park,園
630,-times,回
631,podium,壇
632,store,店
633,warehouse,庫
634,courtyard,庭
635,government office,庁
636,bed,床
637,hemp,麻
638,grind,磨
639,heart,心
640,forget,忘
641,selfish,恣
642,endure,忍
643,acknowledge,認
644,mourning,忌
645,intention,志
646,document,誌
647,wick,芯
648,loyalty,忠
649,shish kebab,串
650,afflicted,患
651,think,思
652,grace,恩
653,apply,応
654,idea,意
655,cowardice,臆
656,concept,想
657,breath,息
658,recess,憩
659,favor,恵
660,fear,恐
661,beguile,惑
662,emotion,感
663,melancholy,憂
664,widow,寡
665,busy,忙
666,ecstasy,悦
667,constancy,恒
668,lament,悼
669,enlightenment,悟
670,dreadful,怖
671,disconcerted,慌
672,repent,悔
673,hate,憎
674,accustomed,慣
675,pleasure,愉
676,lazy,惰
677,humility,慎
678,remorse,憾
679,recollection,憶
680,disquieting,惧
681,yearn,憧
682,hanker,憬
683,pining,慕
684,annexed,添
685,invariably,必
686,ooze,泌
687,hand,手
688,watch over,看
689,chafe,摩
690,ego,我
691,righteousness,義
692,deliberation,議
693,sacrifice,犠
694,rub,抹
695,wipe,拭
696,yank,拉
697,embrace,抱
698,board,搭
699,extract,抄
700,confront,抗
701,criticism,批
702,beckon,招
703,clear the land,拓
704,clap,拍
705,strike,打
706,arrest,拘
707,discard,捨
708,kidnap,拐
709,pinch,摘
710,challenge,挑
711,finger,指
712,hold,持
713,imminent,拶
714,fasten,括
715,brandish,揮
716,conjecture,推
717,hoist,揚
718,propose,提
719,damage,損
720,pick up,拾
721,shouldering,担
722,foothold,拠
723,sketch,描
724,maneuver,操
725,touch,接
726,put up a notice,掲
727,hang,掛
728,make headway,捗
729,polish,研
730,commandment,戒
731,tinker with,弄
732,contraption,械
733,nose,鼻
734,punish,刑
735,mould,型
736,genius,才
737,property,財
738,lumber,材
739,suppose,存
740,exist,在
741,from,乃
742,portable,携
743,reach out,及
744,suck,吸
745,handle,扱
746,length,丈
747,history,史
748,officer,吏
749,grow late,更
750,stiff,硬
751,spiny,梗
752,or again,又
753,pair,双
754,mulberry,桑
755,vessels,隻
756,safeguard,護
757,seize,獲
758,guy,奴
759,angry,怒
760,friend,友
761,slip out,抜
762,throw,投
763,drown,没
764,thigh,股
765,establishment,設
766,beat,撃
767,husk,殻
768,branch,支
769,skill,技
770,bough,枝
771,limb,肢
772,stalk,茎
773,suspicious,怪
774,lightly,軽
775,uncle,叔
776,coach,督
777,loneliness,寂
778,graceful,淑
779,anti-,反
780,slope,坂
781,plank,板
782,return,返
783,marketing,販
784,claw,爪
785,gentle,妥
786,milk,乳
787,floating,浮
788,lewd,淫
789,leader,将
790,exhort,奨
791,grab,采
792,pick,採
793,vegetable,菜
794,accept,受
795,impart,授
796,love,愛
797,unclear,曖
798,pay,払
799,wide,広
800,hooked,勾
801,broaden,拡
802,mineral,鉱
803,valve,弁
804,male,雄
805,pedestal,台
806,neglect,怠
807,reign,治
808,metallurgy,冶
809,commence,始
810,womb,胎
811,window,窓
812,gone,去
813,method,法
814,meeting,会
815,climax,至
816,room,室
817,arrival,到
818,doth,致
819,mutually,互
820,abandon,棄
821,bring up,育
822,remove,撤
823,allot,充
824,gun,銃
825,sulfur,硫
826,current,流
827,license,允
828,tempt,唆
829,exit,出
830,mountain,山
831,bungling,拙
832,boulder,岩
833,charcoal,炭
834,branch off,岐
835,mountain pass,峠
836,crumble,崩
837,secrecy,密
838,honey,蜜
839,storm,嵐
840,promontory,崎
841,bluffs,崖
842,enter,入
843,crowded,込
844,part,分
845,poverty,貧
846,partition,頒
847,public,公
848,pine tree,松
849,venerable old man,翁
850,sue,訟
851,valley,谷
852,bathe,浴
853,contain,容
854,melt,溶
855,longing,欲
856,abundant,裕
857,lead (metal),鉛
858,run alongside,沿
859,prize,賞
860,party,党
861,hall,堂
862,usual,常
863,skirt,裳
864,manipulate,掌
865,pelt,皮
866,waves,波
867,old woman,婆
868,expose,披
869,rend,破
870,incur,被
871,remainder,残
872,martyrdom,殉
873,particularly,殊
874,augment,殖
875,file,列
876,split,裂
877,ardent,烈
878,death,死
879,interment,葬
880,wink,瞬
881,ear,耳
882,take,取
883,gist,趣
884,utmost,最
885,snapshot,撮
886,shame,恥
887,post,職
888,holy,聖
889,daring,敢
890,listen,聴
891,pocket,懐
892,ridicule,慢
893,loose,漫
894,buy,買
895,placement,置
896,penalty,罰
897,rather,寧
898,voiced,濁
899,ring,環
900,send back,還
901,husband,夫
902,aid,扶
903,mountain stream,渓
904,standard,規
905,exchange,替
906,approve,賛
907,submerge,潜
908,lose,失
909,iron,鉄
910,alternate,迭
911,retainer,臣
912,princess,姫
913,storehouse,蔵
914,entrails,臓
915,intelligent,賢
916,kidney,腎
917,strict,堅
918,look to,臨
919,perusal,覧
920,gigantic,巨
921,repel,拒
922,power,力
923,man,男
924,labor,労
925,recruit,募
926,inferiority,劣
927,achievement,功
928,persuade,勧
929,toil,努
930,uprising,勃
931,encourage,励
932,add,加
933,congratulations,賀
934,erect,架
935,armpit,脇
936,threaten,脅
937,co-,協
938,going,行
939,rhythm,律
940,restore,復
941,gain,得
942,accompany,従
943,junior,徒
944,wait,待
945,journey,往
946,subjugate,征
947,diameter,径
948,he,彼
949,duty,役
950,benevolence,徳
951,penetrate,徹
952,indications,徴
953,penal,懲
954,delicate,微
955,boulevard,街
956,girder,桁
957,equilibrium,衡
958,draft,稿
959,earnings,稼
960,extent,程
961,tax,税
962,immature,稚
963,harmony,和
964,shift,移
965,second,秒
966,autumn,秋
967,distress,愁
968,private,私
969,regularity,秩
970,secret,秘
971,appellation,称
972,profit,利
973,pear tree,梨
974,harvest,穫
975,ear of a plant,穂
976,rice plant,稲
977,incense,香
978,seasons,季
979,committee,委
980,excel,秀
981,transparent,透
982,entice,誘
983,training,稽
984,cereals,穀
985,germ,菌
986,numb,萎
987,rice,米
988,flour,粉
989,sticky,粘
990,grains,粒
991,cosmetics,粧
992,astray,迷
993,chic,粋
994,riddle,謎
995,provisions,糧
996,chrysanthemum,菊
997,core,奥
998,number,数
999,watchtower,楼
1000,sort,類
1001,lacquer,漆
1002,knee,膝
1003,Esq.,様
1004,request,求
1005,ball,球
1006,salvation,救
1007,bamboo,竹
1008,laugh,笑
1009,bamboo hat,笠
1010,bamboo grass,笹
1011,stationery,箋 䇳
1012,muscle,筋
1013,box,箱
1014,writing brush,筆
1015,cylinder,筒
1016,etc.,等
1017,calculate,算
1018,solution,答
1019,scheme,策
1020,register,簿
1021,fabricate,築
1022,basket,篭 籠
1023,person,人
1024,assistant,佐
1025,partner,侶
1026,however,但
1027,dwell,住
1028,rank,位
1029,go-between,仲
1030,body,体
1031,remote,悠
1032,affair,件
1033,attend,仕
1034,other,他
1035,prostrated,伏
1036,transmit,伝
1037,Buddha,仏
1038,rest,休
1039,provisional,仮
1040,performing artist,伎
1041,chief,伯
1042,vulgar,俗
1043,faith,信
1044,excellent,佳
1045,reliant,依
1046,example,例
1047,individual,個
1048,healthy,健
1049,side,側
1050,waiter,侍
1051,halt,停
1052,price,値
1053,emulate,倣
1054,arrogance,傲
1055,overthrow,倒
1056,spy,偵
1057,Buddhist priest,僧
1058,hundred million,億
1059,ceremony,儀
1060,reparation,償
1061,hermit,仙
1062,sponsor,催
1063,humanity,仁
1064,scorn,侮
1065,use,使
1066,convenience,便
1067,double,倍
1068,tenderness,優
1069,fell,伐
1070,inn,宿
1071,wound,傷
1072,protect,保
1073,praise,褒
1074,greatness,傑
1075,adhere,付
1076,token,符
1077,municipality,府
1078,responsibility,任
1079,fare,賃
1080,substitute,代
1081,sack,袋
1082,lend,貸
1083,change,化
1084,flower,花
1085,freight,貨
1086,lean,傾
1087,what,何
1088,baggage,荷
1089,sagacious,俊
1090,bystander,傍
1091,myself,俺
1092,long time,久
1093,furrow,畝
1094,captured,囚
1095,inside,内
1096,third class,丙
1097,design,柄
1098,meat,肉
1099,rot,腐
1100,sit,座
1101,sprain,挫
1102,graduate,卒
1103,umbrella,傘
1104,monme,匁
1105,by means of,以
1106,similar,似
1107,join,併
1108,tile,瓦
1109,flower pot,瓶
1110,Shinto shrine,宮
1111,occupation,営
1112,virtuous,善
1113,dining tray,膳
1114,year,年
1115,night,夜
1116,fluid,液
1117,hillock,塚
1118,cash,幣
1119,cover over,蔽
1120,abuse,弊
1121,yell,喚
1122,interchange,換
1123,dissolve,融
1124,alms,施
1125,rotation,旋
1126,play,遊
1127,trip,旅
1128,not,勿
1129,thing,物
1130,easy,易
1131,grant,賜
1132,urine,尿
1133,nun,尼
1134,buttocks,尻
1135,mud,泥
1136,fence,塀
1137,footgear,履
1138,roof,屋
1139,grip,握
1140,yield,屈
1141,dig,掘
1142,ditch,堀
1143,reside,居
1144,set,据
1145,hem,裾
1146,stratum,層
1147,bureau,局
1148,slow,遅
1149,leak,漏
1150,printing,刷
1151,shaku,尺
1152,exhaust,尽
1153,swamp,沢
1154,translate,訳
1155,choose,択
1156,daytime,昼
1157,door,戸
1158,shoulder,肩
1159,tassel,房
1160,fan,扇
1161,hearth,炉
1162,re-,戻
1163,tears,涙
1164,employ,雇
1165,look back,顧
1166,disclose,啓
1167,show,示
1168,salutation,礼
1169,auspicious,祥
1170,celebrate,祝
1171,blessing,福
1172,welfare,祉
1173,company,社
1174,inspection,視
1175,Nara,奈
1176,military officer,尉
1177,consolation,慰
1178,goodwill,款
1179,prohibition,禁
1180,collar,襟
1181,religion,宗
1182,adore,崇
1183,ritual,祭
1184,guess,察
1185,grate,擦
1186,wherefore,由
1187,pluck,抽
1188,oil,油
1189,sleeve,袖
1190,mid-air,宙
1191,deliver,届
1192,flute,笛
1193,axis,軸
1194,armor,甲
1195,push,押
1196,headland,岬
1197,insert,挿
1198,speaketh,申
1199,expand,伸
1200,gods,神
1201,search,捜
1202,fruit,果
1203,confectionary,菓
1204,chapter,課
1205,naked,裸
1206,ax,斤
1207,chop,析
1208,place,所
1209,pray,祈
1210,near,近
1211,fold,折
1212,philosophy,哲
1213,departed,逝
1214,vow,誓
1215,chop off,斬
1216,temporarily,暫
1217,steadily,漸
1218,severance,断
1219,substance,質
1220,reject,斥
1221,accusation,訴
1222,yesterday,昨
1223,lie,詐
1224,make,作
1225,snow,雪
1226,record,録
1227,peel off,剥 剝
1228,inquire,尋
1229,hurry,急
1230,calm,穏
1231,encroach,侵
1232,immersed,浸
1233,lie down,寝
1234,lady,婦
1235,sweep,掃
1236,hit,当
1237,glossary,彙
1238,contend,争
1239,clean,浄
1240,matter,事
1241,T'ang,唐
1242,sugar,糖
1243,sane,康
1244,apprehend,逮
1245,Italy,伊
1246,old boy,君
1247,flock,群
1248,-proof,耐
1249,demand,需
1250,Confucian,儒
1251,edge,端
1252,both,両
1253,full,満
1254,brush-stroke,画
1255,tooth,歯
1256,bend,曲
1257,cadet,曹
1258,encounter,遭
1259,rowing,漕
1260,vat,槽
1261,Big Dipper,斗
1262,fee,料
1263,department,科
1264,map,図
1265,utilize,用
1266,comfortable,庸
1267,equip,備
1268,once upon a time,昔
1269,confused,錯
1270,borrow,借
1271,pity,惜
1272,set aside,措
1273,scatter,散
1274,twenty,廿
1275,commoner,庶
1276,intercept,遮
1277,seat,席
1278,degrees,度
1279,transit,渡
1280,bustle,奔
1281,erupt,噴
1282,tomb,墳
1283,aroused,憤
1284,bake,焼
1285,daybreak,暁
1286,half,半
1287,consort,伴
1288,paddy ridge,畔
1289,judgment,判
1290,fist,拳
1291,ticket,券
1292,scroll,巻
1293,sphere,圏
1294,victory,勝
1295,wisteria,藤
1296,facsimilie,謄
1297,one-sided,片
1298,printing block,版
1299,of,之
1300,destitution,乏
1301,turf,芝
1302,negative,不
1303,negate,否
1304,cupfuls,杯
1305,dart,矢
1306,rectify,矯
1307,tribe,族
1308,know,知
1309,wisdom,智
1310,shove,挨
1311,halberd,矛
1312,tender,柔
1313,task,務
1314,fog,霧
1315,squad,班
1316,homecoming,帰
1317,bow,弓
1318,pull,引
1319,condolences,弔
1320,vast,弘
1321,strong,強
1322,more and more,弥
1323,weak,弱
1324,drowning,溺
1325,seethe,沸
1326,expense,費
1327,No.,第
1328,younger brother,弟
1329,adroit,巧
1330,nickname,号
1331,decay,朽
1332,boast,誇
1333,chin,顎
1334,dirty,汚
1335,bestow,与
1336,copy,写
1337,somebody,身
1338,shoot,射
1339,apologize,謝
1340,old man,老
1341,consider,考
1342,filial piety,孝
1343,teach,教
1344,torture,拷
1345,someone,者
1346,boil,煮
1347,renowned,著
1348,chopsticks,箸
1349,signature,署
1350,sultry,暑
1351,various,諸
1352,boar,猪
1353,strand,渚
1354,gamble,賭
1355,gorge,峡
1356,cramped,狭
1357,sandwiched,挟
1358,cheek,頬 頰
1359,chase,追
1360,large hill,阜
1361,expert,師
1362,commander,帥
1363,bureaucrat,官
1364,coffin,棺
1365,pipe,管
1366,father,父
1367,cauldron,釜
1368,mingle,交
1369,merit,効
1370,contrast,較
1371,exam,校
1372,leg,足
1373,stimulate,促
1374,nab,捉
1375,long-distance,距
1376,path,路
1377,dew,露
1378,hop,跳
1379,leap,躍
1380,tread,践
1381,step,踏
1382,trail,踪
1383,skeleton,骨
1384,slippery,滑
1385,marrow,髄
1386,calamity,禍
1387,whirlpool,渦
1388,pot,鍋
1389,overdo,過
1390,Heights,阪
1391,Africa,阿
1392,occasion,際
1393,hinder,障
1394,chink,隙
1395,follow,随
1396,auxiliary,陪
1397,sunshine,陽
1398,line up,陳
1399,ward off,防
1400,affixed,附
1401,Inst.,院
1402,camp,陣
1403,regiment,隊
1404,crash,墜
1405,descend,降
1406,story,階
1407,highness,陛
1408,neighboring,隣
1409,isolate,隔
1410,conceal,隠
1411,degenerate,堕
1412,collapse,陥
1413,hole,穴
1414,empty,空
1415,withdraw,控
1416,stab,突
1417,research,究
1418,plug up,窒
1419,stealth,窃
1420,cavern,窟
1421,depression,窪
1422,squeeze,搾
1423,kiln,窯
1424,hard up,窮
1425,grope,探
1426,deep,深
1427,hill,丘
1428,Point,岳
1429,soldier,兵
1430,seacoast,浜
1431,thread,糸
1432,weave,織
1433,darning,繕
1434,shrink,縮
1435,luxuriant,繁
1436,vertical,縦
1437,fine,緻
1438,line,線
1439,come apart at the seams,綻
1440,tighten,締
1441,fiber,維
1442,gauze,羅
1443,practice,練
1444,thong,緒
1445,continue,続
1446,picture,絵
1447,overall,統
1448,strangle,絞
1449,salary,給
1450,entwine,絡
1451,tie,結
1452,end,終
1453,class,級
1454,chronicle,紀
1455,crimson,紅
1456,settlement,納
1457,spinning,紡
1458,distract,紛
1459,introduce,紹
1460,sūtra,経
1461,sire,紳
1462,promise,約
1463,dainty,細
1464,accumulate,累
1465,cord,索
1466,general,総
1467,cotton,綿
1468,silk,絹
1469,winding,繰
1470,inherit,継
1471,green,緑
1472,affinity,縁
1473,netting,網
1474,tense,緊
1475,purple,紫
1476,truss,縛
1477,straw rope,縄
1478,infancy,幼
1479,behind,後
1480,faint,幽
1481,how many,幾
1482,mechanism,機
1483,capital suburbs,畿
1484,mysterious,玄
1485,livestock,畜
1486,amass,蓄
1487,bowstring,弦
1488,hug,擁
1489,nourishing,滋
1490,mercy,慈
1491,magnet,磁
1492,lineage,系
1493,person in charge,係
1494,grandchild,孫
1495,suspend,懸
1496,modest,遜
1497,instead,却
1498,shins,脚
1499,wholesale,卸
1500,honorable,御
1501,clothing,服
1502,fate,命
1503,orders,令
1504,zero,零
1505,age,齢
1506,cool,冷
1507,jurisdiction,領
1508,small bell,鈴
1509,courage,勇
1510,bubble up,湧
1511,traffic,通
1512,jump,踊
1513,doubt,疑
1514,mimic,擬
1515,congeal,凝
1516,pattern,範
1517,crime,犯
1518,widespread,氾
1519,unlucky,厄
1520,dangerous,危
1521,address,宛
1522,arm,腕
1523,garden,苑
1524,grudge,怨
1525,willow,柳
1526,egg,卵
1527,detain,留
1528,marine blue,瑠
1529,trade,貿
1530,stamp,印
1531,mortar,臼
1532,break,毀
1533,entertain,興
1534,sign of the bird,酉
1535,saké,酒
1536,bartending,酌
1537,hooch,酎
1538,fermentation,酵
1539,cruel,酷
1540,repay,酬
1541,dairy products,酪
1542,vinegar,酢
1543,drunk,酔
1544,distribute,配
1545,acid,酸
1546,waver,猶
1547,revered,尊
1548,beans,豆
1549,head,頭
1550,short,短
1551,bountiful,豊
1552,drum,鼓
1553,rejoice,喜
1554,timber-trees,樹
1555,dish,皿
1556,blood,血
1557,basin,盆
1558,alliance,盟
1559,steal,盗
1560,warm,温
1561,lid,蓋
1562,oversee,監
1563,overflow,濫
1564,specimen,鑑
1565,indigo,藍
1566,fierce,猛
1567,boom,盛
1568,salt,塩
1569,silver,銀
1570,resentment,恨
1571,root,根
1572,instant,即
1573,baron,爵
1574,node,節
1575,retreat,退
1576,limit,限
1577,eyeball,眼
1578,good,良
1579,melodious,朗
1580,wandering,浪
1581,daughter,娘
1582,eat,食
1583,meal,飯
1584,drink,飲
1585,hungry,飢
1586,starve,餓
1587,decorate,飾
1588,feed,餌
1589,Bldg.,館
1590,mochi,餅
1591,foster,養
1592,sated,飽
1593,previously,既
1594,outline,概
1595,rue,慨
1596,even,平
1597,call,呼
1598,two-mat area,坪
1599,evaluate,評
1600,reap,刈
1601,moment,刹
1602,hope,希
1603,villain,凶
1604,bosom,胸
1605,detach,離
1606,crystal,璃
1607,kill,殺
1608,bracing,爽
1609,genuine,純
1610,immediate,頓
1611,dull,鈍
1612,spicy,辛
1613,resign,辞
1614,catalpa,梓
1615,superintend,宰
1616,wall,壁
1617,holed gem,璧
1618,evade,避
1619,new,新
1620,firewood,薪
1621,parent,親
1622,happiness,幸
1623,tenacious,執
1624,clasp,摯
1625,report,報
1626,shout,叫
1627,twist,糾
1628,income,収
1629,lowly,卑
1630,tombstone,碑
1631,land,陸
1632,intimate,睦
1633,forces,勢
1634,heat,熱
1635,diamond,菱
1636,mausoleum,陵
1637,sign of the hog,亥
1638,nucleus,核
1639,engrave,刻
1640,above-stated,該
1641,remains,骸
1642,censure,劾
1643,mention,述
1644,art,術
1645,cold,寒
1646,block up,塞
1647,brew,醸
1648,defer,譲
1649,lot,壌
1650,lass,嬢
1651,poison,毒
1652,elementary,素
1653,barley,麦
1654,blue,青
1655,refined,精
1656,solicit,請
1657,feelings,情
1658,clear up,晴
1659,pure,清
1660,quiet,静
1661,blame,責
1662,exploits,績
1663,volume,積
1664,bond,債
1665,pickling,漬
1666,surface,表
1667,bag,俵
1668,undefiled,潔
1669,pledge,契
1670,consume,喫
1671,harm,害
1672,control,轄
1673,proportion,割
1674,constitution,憲
1675,life,生
1676,star,星
1677,awakening,醒
1678,surname,姓
1679,sex,性
1680,animal sacrifice,牲
1681,products,産
1682,hump,隆
1683,summit,峰
1684,bee,蜂
1685,sew,縫
1686,worship,拝
1687,longevity,寿
1688,casting,鋳
1689,enroll,籍
1690,springtime,春
1691,camellia,椿
1692,peaceful,泰
1693,play music,奏
1694,reality,実
1695,dedicate,奉
1696,stipend,俸
1697,rod,棒
1698,discreet,謹
1699,trifle,僅
1700,diligence,勤
1701,Sino-,漢
1702,sigh,嘆
1703,difficult,難
1704,splendor,華
1705,droop,垂
1706,saliva,唾
1707,drowsy,睡
1708,spindle,錘
1709,ride,乗
1710,surplus,剰
1711,now,今
1712,include,含
1713,covet,貪
1714,versify,吟
1715,wish,念
1716,wrench,捻
1717,harp,琴
1718,shade,陰
1719,beforehand,予
1720,preface,序
1721,deposit,預
1722,plains,野
1723,concurrently,兼
1724,dislike,嫌
1725,sickle,鎌
1726,self-effacing,謙
1727,bargain,廉
1728,west,西
1729,value,価
1730,need,要
1731,loins,腰
1732,ballot,票
1733,drift,漂
1734,signpost,標
1735,chestnut,栗
1736,shudder,慄
1737,transition,遷
1738,capsize,覆
1739,smoke,煙
1740,south,南
1741,camphor tree,楠
1742,offering,献
1743,gates,門
1744,question,問
1745,review,閲
1746,clique,閥
1747,interval,間
1748,pitch dark,闇
1749,simplicity,簡
1750,open,開
1751,closed,閉
1752,tower,閣
1753,leisure,閑
1754,hear,聞
1755,wet,潤
1756,column,欄
1757,fight,闘
1758,godown,倉
1759,genesis,創
1760,un-,非
1761,haiku,俳
1762,repudiate,排
1763,sad,悲
1764,guilt,罪
1765,comrade,輩
1766,front door,扉
1767,marquis,侯
1768,throat,喉
1769,climate,候
1770,decide,決
1771,cheerful,快
1772,admirable,偉
1773,difference,違
1774,horizontal,緯
1775,defense,衛
1776,Korea,韓
1777,dry,干
1778,liver,肝
1779,publish,刊
1780,sweat,汗
1781,flats,軒
1782,beach,岸
1783,tree trunk,幹
1784,potato,芋
1785,eaves,宇
1786,too much,余
1787,exclude,除
1788,gradually,徐
1789,confer,叙
1790,route,途
1791,diagonal,斜
1792,paint,塗
1793,bundle,束
1794,trust,頼
1795,rapids,瀬
1796,imperial order,勅
1797,alienate,疎
1798,bitter,辣
1799,quick,速
1800,organize,整
1801,saber,剣
1802,precipitous,険
1803,examination,検
1804,frugal,倹
1805,heavy,重
1806,move,動
1807,tumor,腫
1808,meritorious deed,勲
1809,work,働
1810,species,種
1811,collide,衝
1812,fragrant,薫
1813,ill,病
1814,stupid,痴
1815,pox,痘
1816,symptoms,症
1817,carbuncle,瘍
1818,lose weight,痩
1819,rapidly,疾
1820,envy,嫉
1821,diarrhea,痢
1822,scar,痕
1823,tired,疲
1824,epidemic,疫
1825,pain,痛
1826,mannerism,癖
1827,hide,匿
1828,artisan,匠
1829,doctor,医
1830,equal,匹
1831,ward,区
1832,hinge,枢
1833,assault,殴
1834,Europe,欧
1835,repress,抑
1836,faceup,仰
1837,welcome,迎
1838,ascend,登
1839,lucidity,澄
1840,discharge,発
1841,abolish,廃
1842,colleague,僚
1843,obvious,瞭
1844,dormitory,寮
1845,heal,療
1846,carve,彫
1847,shape,形
1848,shadow,影
1849,cedar,杉
1850,coloring,彩
1851,patent,彰
1852,lad,彦
1853,face,顔
1854,ought,須
1855,swell,膨
1856,visit,参
1857,wretched,惨
1858,discipline,修
1859,rare,珍
1860,checkup,診
1861,sentence,文
1862,vis-à-vis,対
1863,family crest,紋
1864,mosquito,蚊
1865,speckled,斑
1866,adjusted,斉
1867,dose,剤
1868,finish,済
1869,purification,斎
1870,solemn,粛
1871,bases,塁
1872,music,楽
1873,medicine,薬
1874,ratio,率
1875,astringent,渋
1876,vicarious,摂
1877,center,央
1878,England,英
1879,reflect,映
1880,red,赤
1881,pardon,赦
1882,unusual,変
1883,tracks,跡
1884,barbarian,蛮
1885,romance,恋
1886,gulf,湾
1887,yellow,黄
1888,sideways,横
1889,grasp,把
1890,color,色
1891,discontinue,絶
1892,glossy,艶
1893,fertilizer,肥
1894,sweet,甘
1895,navy blue,紺
1896,so-and-so,某
1897,conspire,謀
1898,mediator,媒
1899,deceit,欺
1900,chess piece,棋
1901,national flag,旗
1902,period,期
1903,Go,碁
1904,fundamentals,基
1905,tremendously,甚
1906,intuition,勘
1907,withstand,堪
1908,precious,貴
1909,bequeath,遺
1910,dispatch,遣
1911,defile,潰
1912,dance,舞
1913,nothingness,無
1914,association,組
1915,coarse,粗
1916,tariff,租
1917,aim at,狙
1918,ancestor,祖
1919,thwart,阻
1920,investigate,査
1921,help,助
1922,best regards,宜
1923,tatami mat,畳
1924,row,並
1925,universal,普
1926,musical score,譜
1927,damp,湿
1928,appear,顕
1929,slender,繊
1930,spirits,霊
1931,profession,業
1932,slap,撲
1933,me,僕
1934,together,共
1935,submit,供
1936,uncommon,異
1937,wing,翼
1938,accept humbly,戴
1939,deluge,洪
1940,harbor,港
1941,outburst,暴
1942,bomb,爆
1943,respect,恭
1944,elect,選
1945,Mr.,殿
1946,well,井
1947,donburi,丼
1948,surround,囲
1949,till,耕
1950,Asia,亜
1951,bad,悪
1952,circle,円
1953,angle,角
1954,contact,触
1955,unravel,解
1956,again,再
1957,lecture,講
1958,subscription,購
1959,posture,構
1960,gutter,溝
1961,argument,論
1962,ethics,倫
1963,wheel,輪
1964,partial,偏
1965,everywhere,遍
1966,compilation,編
1967,tome,冊
1968,palisade,柵
1969,code,典
1970,family name,氏
1971,paper,紙
1972,marriage,婚
1973,lower,低
1974,resist,抵
1975,bottom,底
1976,people,民
1977,sleep,眠
1978,catch,捕
1979,suckle,哺
1980,bay,浦
1981,bullrush,蒲
1982,shop,舗
1983,supplement,補
1984,residence,邸
1985,enclosure,郭
1986,county,郡
1987,outskirts,郊
1988,section,部
1989,metropolis,都
1990,mail,郵
1991,home country,邦
1992,interrogative,那
1993,hometown,郷
1994,echo,響
1995,son,郎
1996,corridor,廊
1997,shield,盾
1998,sequential,循
1999,faction,派
2000,vein,脈
2001,masses,衆
2002,parcel post,逓
2003,grade,段
2004,forge,鍛
2005,empress,后
2006,phantasm,幻
2007,director,司
2008,pay respects,伺
2009,parts of speech,詞
2010,domesticate,飼
2011,heir,嗣
2012,boat,舟
2013,liner,舶
2014,navigate,航
2015,gunwale,舷
2016,carrier,般
2017,tray,盤
2018,conveyor,搬
2019,ship,船
2020,warship,艦
2021,rowboat,艇
2022,melon,瓜
2023,arc,弧
2024,orphan,孤
2025,cocoon,繭
2026,benefit,益
2027,spare time,暇
2028,spread,敷
2029,come,来
2030,spirit,気
2031,vapor,汽
2032,fly,飛
2033,sink,沈
2034,pillow,枕
2035,wife,妻
2036,nifty,凄
2037,decline,衰
2038,inmost,衷
2039,mask,面
2040,noodles,麺
2041,leather,革
2042,shoes,靴
2043,hegemony,覇
2044,voice,声
2045,eyebrow,眉
2046,give,呉
2047,recreation,娯
2048,mistake,誤
2049,steam,蒸
2050,acquiesce,承
2051,bin,函
2052,poles,極
2053,tusk,牙
2054,bud,芽
2055,wicked,邪
2056,gracious,雅
2057,interpretation,釈
2058,turn,番
2059,hearing,審
2060,flip,翻
2061,clan,藩
2062,fur,毛
2063,decrease,耗
2064,tail,尾
2065,home,宅
2066,consign,託
2067,do,為
2068,falsehood,偽
2069,apprehensive,畏
2070,long,長
2071,lengthen,張
2072,notebook,帳
2073,dilate,脹
2074,hair of the head,髪
2075,unfold,展
2076,miss,喪
2077,nest,巣
2078,simple,単
2079,war,戦
2080,Zen,禅
2081,bullet,弾
2082,cherry tree,桜
2083,animal,獣
2084,brain,脳
2085,trouble,悩
2086,stern,厳
2087,chain,鎖
2088,raise,挙
2089,reputation,誉
2090,game hunting,猟
2091,bird,鳥
2092,chirp,鳴
2093,crane,鶴
2094,crow,烏
2095,vine,蔦
2096,pigeon,鳩
2097,chicken,鶏
2098,island,島
2099,warmth,暖
2100,beautiful woman,媛
2101,abet,援
2102,slacken,緩
2103,belong,属
2104,entrust,嘱
2105,accidentally,偶
2106,interview,遇
2107,foolish,愚
2108,corner,隅
2109,inverted,逆
2110,model,塑
2111,go upstream,遡
2112,Mount,岡
2113,steel,鋼
2114,hawser,綱
2115,sturdy,剛
2116,tin can,缶
2117,pottery,陶
2118,swing,揺
2119,Noh chanting,謡
2120,gloom,鬱
2121,concerning,就
2122,kick,蹴
2123,sociable,懇
2124,groundbreaking,墾
2125,countenance,貌
2126,excuse,免
2127,elude,逸
2128,nightfall,晩
2129,exertion,勉
2130,elephant,象
2131,statue,像
2132,horse,馬
2133,pony,駒
2134,verification,験
2135,equestrian,騎
2136,parking,駐
2137,drive,駆
2138,station,駅
2139,boisterous,騒
2140,burdensome,駄
2141,wonder,驚
2142,fervent,篤
2143,insult,罵
2144,inflation,騰
2145,tiger,虎
2146,captive,虜
2147,skin,膚
2148,void,虚
2149,frolic,戯
2150,uneasiness,虞
2151,prudence,慮
2152,drama,劇
2153,tyrannize,虐
2154,deer,鹿
2155,foot of a mountain,麓
2156,recommend,薦
2157,jubilation,慶
2158,lovely,麗
2159,bear,熊
2160,ability,能
2161,attitude,態
2162,sign of the tiger,寅
2163,performance,演
2164,sign of the dragon,辰
2165,embarrass,辱
2166,quake,震
2167,shake,振
2168,with child,娠
2169,lips,唇
2170,agriculture,農
2171,concentrated,濃
2172,send off,送
2173,connection,関
2174,blossom,咲
2175,ghost,鬼
2176,ugly,醜
2177,soul,魂
2178,witch,魔
2179,fascination,魅
2180,clod,塊
2181,attack,襲
2182,upbraid,嚇
2183,majestic plural,朕
2184,atmosphere,雰
2185,item,箇
2186,tempering,錬
2187,abide by,遵
2188,quit,罷
2189,barracks,屯
2190,moreover,且
2191,seaweed,藻
2192,slave,隷
2193,healing,癒
2194,imperial seal,璽
2195,lagoon,潟
2196,cinnabar,丹
2197,sign of the cow,丑
2198,humiliate,羞
2199,sign of the hare,卯
2200,sign of the snake,巳
498,cleverness,敏
